{
  "dg_column_name": "Название",
  "dg_column_version": "Версия",
  "dg_column_author": "Автор",
  "dg_column_url": "Сайт",
  "dg_column_download": "Скачать",
  "tooltip_news": "Новости",
  "tooltip_logs": "Лог",
  "tooltip_locales_editor": "Редактор перевода",
  "tooltip_addons": "Дополнения",
  "tooltip_addons_themes": "Темы",
  "tooltip_addons_lua": "Скрипты Lua",
  "tooltip_addons_translations": "Переводы",
  "tooltip_settings": "Настройки",
  "tooltip_url": "Посетить www.w1tch.net",
  "tooltip_logs_switch": "Переключится между логом WLauncher и DIS2RBED",
  "tooltip_logs_clipboard": "Скопировать",
  "bt_login": "Логин",
  "bt_apply_branch": "Изменить версию",
  "bt_apply_language": "Изменить язык",
  "bt_reset_d2_settings": "Сбросить настройки D2",
  "bt_exit": "Выйти",
  "bt_inject": "Инжектировать",
  "bt_download": "Скачать",
  "bt_work_dir": "Открыть каталог D2",
  "bt_load": "Загрузить",
  "bt_merge": "Объединить",
  "bt_export": "Экспорт",
  "cb_autologin": "Автологин",
  "lb_status": "Статус:",
  "lb_account": "Аккаунт:",
  "lb_update": "Обновление:",
  "lb_version": "Версия:",
  "lb_game": "Игра:",
  "lb_injected": "Меню:",
  "lb_branch": "Версия:",
  "lb_language": "Язык:",
  "lb_authorized_true": "Авторизованный",
  "lb_authorized_false": "Неавторизованный",
  "lb_game_running_true": "Запущена",
  "lb_game_running_false": "Не запущена",
  "lb_injected_true": "Инжектировано",
  "lb_injected_false": "Не инжектировано",
  "lb_update_available_true": "Доступно",
  "lb_update_available_false": "Недоступно",
  "lb_account_group": "Нету",
  "lb_version_unknown": "Неизвестна",
  "lb_update_check": "Проверить обновление",
  "lb_update_download": "Скачать",
  "file_dll": "dll",
  "file_font": "шрифт dis2rbed",
  "file_locale_d2": "перевод dis2rbed",
  "file_locale_wl": "перевод launcher",
  "file_lua_script": "lua скрипт",
  "file_theme": "тема dis2rbed",
  "file_resource": "ресурсы dis2rbed",
  "file_alt_font": "шрифт",
  "file_alt_locale_d2": "перевод",
  "file_alt_locale_wl": "перевод",
  "file_alt_lua_script": "lua",
  "file_alt_theme": "тема",
  "file_alt_resource": "ресурсы dis2rbed",
  "error_auth_denied": "Авторизация отклонена: неправильный логин/пароль?",
  "error_auth_denied_ban": "Авторизация отклонена: Забанен",
  "error_branch_manifest": "Не удается получить манифест версии.",
  "error_connection": "Не удалось установить соединение с сервером W1TCH. Убедитесь, что у вас стабильное соединение и W1TCH Launcher добавлен в исключения антивируса!",
  "error_core_cfg_clearing": "Возникла ошибка при обработке ядра/програмы!",
  "error_creating_dirs": "Ошибка создания рабочих папок!",
  "error_d2_core_files": "Не удалось найти основной файл DIS2RBED..",
  "error_d2_log_locked": "Файл лога D2 в данный момент заблокирован.",
  "error_d2_log_missing": "Файл лога D2 еще не существует.",
  "error_dir_d2_access": "Невозможно получить доступ к рабочей папке DIS2RBED, нет разрешений или этот каталог доступен только для чтения.",
  "error_dir_launcher_access": "Невозможно получить доступ к рабочей папке W1TCH Launcher, нет разрешений или этот каталог доступен только для чтения.",
  "error_downloader_init": "Не удалось инициализировать загрузчик.",
  "error_fonts_clearing": "Произошла ошибка при очистке шрифтов!",
  "error_login_attempt": "При авторизации произошла ошибка! Возможно сервер находится на техническом обслуживании.",
  "error_memory_allocating": "Не удалось выделить память в процессе GTA5.",
  "error_open_process": "Не удалось открыть процесс GTA5 с необходимыми правами.",
  "error_process_write": "Не удалось записать DIS2BED в процесс GTA5..",
  "error_remote_file": "Не удается получить доступ к удаленному файлу!",
  "error_resource_models": "Доступен файл ресурсов [Models.json]!",
  "error_resource_teleports": "Доступен файл ресурсов [Teleports.json]!",
  "error_resource_vehicles": "Доступен файл ресурсов [Vehicles.json]!",
  "error_server_data": "Не удалось получить данные с сервера.",
  "error_start_in_d2_dir": "Вы не можете запустить W1TCH Launcher из рабочей папки DIS2RBED!",
  "error_thread_create": "Не удалось создать поток.",
  "error_update_init": "Что-то пошло не так во время инициализации обновления!",
  "info_locales_wl_check": "Проверка дополнительных переводов Launcher...",
  "info_locales_wl_installed": "Установлены дополнительные языковые файлы, использовать их можно в меню настроек.",
  "info_locales_wl_not_installed": "Дополнительные языковые файлы не найдены или уже установлены.",
  "info_branch_new_version_end": "версия доступна!",
  "info_branch_new_version_start": "Новый DIS2RBED",
  "info_branch_release": "[Релизная версия]",
  "info_branch_testing": "[Тестовая версия]",
  "info_dir_d2_access": "Разрешения рабочей папки DIS2RBED в порядке.",
  "info_dir_launcher_access": "Разрешения папки Лаунчера в порядке.",
  "info_dir_ok": "Папка лаунчера в порядке.",
  "info_disclaimer": "Вы получили доступ к предварительной версии DIS2RBED, скомпилированной и выпущенной только для ознакомительных и тестовых целей. D2 Preview НЕ ЯВЛЯЕТСЯ финальной версией меню и с очень большой вероятностью полная релизная версия БУДЕТ сильно отличаться от этой. На данный момент у вас есть доступ к ограниченному набору функций, потому что цель превью-версии - в первую очередь протестировать загрузку сервера, а также попытаться сделать все возможное, чтобы выпустить полную версию гладко и без проблем.",
  "info_downloaded": "успешно загружен!",
  "info_downloading": "Загрузка",
  "info_d2_log_switched": "Файл лога D2 используется, переключаюсь назад на лог лаунчера.",
  "info_found_process": "Процесс GTA5.exe найден, ID процесса:",
  "info_init_completed": "Инициализация завершена! ;)",
  "info_init_launcher": "Инициализация W1TCH Launcher",
  "info_injected": "DIS2RBED был успешно инжектирован.",
  "info_injecting": "инжектирование",
  "info_login_attempt": "Попытка авторизации...",
  "info_login_success": "Вы успешно авторизовались!",
  "info_memory_allocating": "Выделение памяти...",
  "info_new_version": "Новая версия лаунчера уже доступна! Посетите www.w1tch.net и загрузите обновление!",
  "info_process_write": "Запись DIS2RBED в процесс игры...",
  "info_thread_create": "Создание потока...",
  "info_unpacked": "был успешно распакован!",
  "info_unpacking": "Распаковка",
  "info_working_dirs_created": "Рабочая папка создана.",
  "info_language_change_caption": "Информация об изменении перевода",
  "info_language_change_message": "Некоторые изменения вступят в силу только после перезапуска лаунчера.",
  "info_addons_parsing_start": "Начинаем парсинг коллекции аддонов...",
  "info_addons_parsing_end": "Менеджер аддонов успешно завершил парсинг.",
  "info_addons_themes_successful": "тем были обработаны и готовы к установке.",
  "info_addons_themes_error": "Произошла ошибка при парсинге коллекции тем.",
  "info_addons_lua_scripts_successful": "lua скриптов были обработаны и готовы к установке",
  "info_addons_lua_scripts_error": "Произошла ошибка при парсинге коллекции lua скриптов.",
  "info_addons_translations_successful": "переводов были обработаны и готовы к установке",
  "info_addons_translations_error": "Произошла ошибка при парсинге коллекции переводов.",
  "news_received": "Новости успешно получены с сервера.",
  "news_server_error_caption": "Ошибка сервера!",
  "news_server_error_message": "Не удается загрузить новости из-за ошибки соединения.",
  "warning_locales_file_missing": "Файл перевода не найден!",
  "warning_dir_cn": "在 W1TCH Launcher 路径中找到的字符与标准 统一码 编码不同。 请确保 W1TCH Launcher 目录中没有西里尔字母和变音字符。",
  "warning_dir_en": "Characters found in the W1TCH Launcher path differ from the standard unicode encoding. Please make sure that there are no cyrillic and diacritical characters in the W1TCH Launcher directory.",
  "warning_dir_ru": "Путь к исполняемому файлу W1TCH Launcher не должен содержать в себе символы кириллицы, иероглифов и других, не относящиеся к юникоду.",
  "warning_error": "Ошибка!"
}