{
  "dg_column_name": "Nazwa",
  "dg_column_version": "Wersja",
  "dg_column_author": "Autor",
  "dg_column_url": "URL",
  "dg_column_download": "Pobierz",
  "tooltip_news": "Ogłoszenia",
  "tooltip_logs": "Logi",
  "tooltip_locales_editor": "Edytor informacji regionalnych",
  "tooltip_addons": "Dodatki",
  "tooltip_addons_themes": "Motywy",
  "tooltip_addons_lua": "Skrypty LUA",
  "tooltip_addons_translations": "Tłumaczenia",
  "tooltip_settings": "Ustawienia",
  "tooltip_url": "Odwiedź www.w1tch.net",
  "tooltip_logs_switch": "Zmień pomiędzy WLauncher/DIS2RBED log data",
  "tooltip_logs_clipboard": "Skopiuj do schowka",
  "bt_login": "Login",
  "bt_apply_branch": "Zastosuj Wersje",
  "bt_apply_language": "Zastosuj Język",
  "bt_reset_d2_settings": "Zresetuj ustawienia D2",
  "bt_exit": "Wyjdź",
  "bt_inject": "Inject",
  "bt_download": "Pobierz",
  "bt_work_dir": "Ścieżka Menu",
  "bt_load": "Załaduj",
  "bt_merge": "Łącz",
  "bt_export": "Export",
  "cb_autologin": "Autologin",
  "lb_status": "Status:",
  "lb_account": "Konto:",
  "lb_update": "Aktualizacja:",
  "lb_version": "Wersja:",
  "lb_game": "Gra:",
  "lb_injected": "Injected:",
  "lb_branch": "Rodzaj Wersji:",
  "lb_language": "Język:",
  "lb_authorized_true": "Upoważniony",
  "lb_authorized_false": "Nie Upoważniony",
  "lb_game_running_true": "Włączona",
  "lb_game_running_false": "Nie Włączona",
  "lb_injected_true": "Wstrzyknięte",
  "lb_injected_false": "Nie Wstrzyknięte",
  "lb_update_available_true": "Dostępna",
  "lb_update_available_false": "Nie Dostępna",
  "lb_account_group": "Żadna",
  "lb_version_unknown": "Nieznana",
  "lb_update_check": "Sprawdź Aktualizację",
  "lb_update_download": "Pobierz",
  "file_dll": "dll",
  "file_font": "czcionka dis2rbed",
  "file_locale_d2": "tłumaczenie dis2rbed",
  "file_locale_wl": "tłumaczenie launcher'a",
  "file_lua_script": "skrypt lua",
  "file_theme": "motyw dis2rbed",
  "file_resource": "zasoby dis2rbed",
  "file_alt_font": "czcionka",
  "file_alt_locale_d2": "tłumaczenie",
  "file_alt_locale_wl": "tłumaczenie",
  "file_alt_lua_script": "lua",
  "file_alt_theme": "motyw",
  "file_alt_resource": "zasoby dis2rbed",
  "error_auth_denied": "Autoryzacja Odmówiona: Zła nazwa użytkownika/hasło?",
  "error_auth_denied_ban": "Autoryzacja Odmówiona: BAN",
  "error_branch_manifest": "Nie można uzyskać manifestu wersji.",
  "error_connection": "Nie udało się nawiązać połączenia z serwerem W1TCH. Upewnij się, że masz stabilne połączenie i W1TCH Launcher jest dodany do wyjątków antywirusowych!",
  "error_core_cfg_clearing": "Wystąpił błąd podczas kasowania rdzenia/cfg!",
  "error_creating_dirs": "Błąd podczas tworzenia katalogów roboczych!",
  "error_d2_core_files": "Nie można znaleźć podstawowego pliku DIS2RBED.",
  "error_d2_log_locked": "Plik dziennika D2 jest w tej chwili zablokowany.",
  "error_d2_log_missing": "Plik dziennika D2 w tej chwili nie istnieje",
  "error_dir_d2_access": "Nie można uzyskać dostępu do katalogu roboczego DIS2RBED, brak uprawnień lub ten katalog jest tylko do odczytu.",
  "error_dir_launcher_access": "Nie można uzyskać dostępu do katalogu roboczego W1TCH Launcher, brak uprawnień lub ten katalog jest tylko do odczytu.",
  "error_downloader_init": "Nie udało się zainicjować downloadera.",
  "error_fonts_clearing": "Wystąpił błąd podczas czyszczenia czcionek!",
  "error_login_attempt": "Wystąpił błąd podczas autoryzacji! Być może serwer jest w trakcie przerwy technicznej.",
  "error_memory_allocating": "Nie udało się przydzielić pamięci w procesie GTA5.",
  "error_open_process": "Nie udało się otworzyć procesu GTA5 z niezbędnymi uprawnieniami do wstrzyknięcia.",
  "error_process_write": "Nie udało się zapisać DIS2BED w procesie GTA5.",
  "error_remote_file": "Nie można uzyskać dostępu do pliku zdalnego",
  "error_resource_models": "Plik zasobu [Models.json] jest dostępny",
  "error_resource_teleports": "Plik zasobu [Teleports.json] jest dostępny!",
  "error_resource_vehicles": "Plik zasobu [Vehicles.json] jest dostępny!",
  "error_server_data": "Nie udało się pobrać danych z serwera.",
  "error_start_in_d2_dir": "Nie możesz uruchomić programu W1TCH Launcher z ścieżki roboczej DIS2BED",
  "error_thread_create": "Nie udało się utworzyć wątku",
  "error_update_init": "Coś poszło nie tak podczas inicjowania aktualizacji!",
  "info_locales_wl_check": "Sprawdzam, czy nie ma dodatkowych tłumaczeń Launchera...",
  "info_locales_wl_installed": "Zainstalowano dodatkowe pakiety językowe, możesz ich użyć w menu ustawień.",
  "info_locales_wl_not_installed": "Nie znaleziono dodatkowych pakietów językowych lub masz je już zainstalowane.",
  "info_branch_new_version_end": "wersja jest dostępna",
  "info_branch_new_version_start": "Nowy DIS2BED",
  "info_branch_release": "[Wersja Wydania]",
  "info_branch_testing": "[Wersja Testowa]",
  "info_dir_d2_access": "Uprawnienia do katalogu roboczego DIS2RBED są OK.",
  "info_dir_launcher_access": "Uprawnienia do katalogu programu uruchamiającego są OK.",
  "info_dir_ok": "Katalog Launchera jest OK.",
  "info_disclaimer": "Masz dostęp do testowej wersji DIS2RBED, wydanej wyłącznie w celach informacyjnych i testowych. Ta wersja NIE JEST ostateczną wersją menu i z bardzo dużym prawdopodobieństwem pełna wersja BĘDZIE różniła się od tej. W tej chwili masz dostęp do ograniczonych funkcji, ponieważ celem tej wersji jest przede wszystkim przetestowanie obciążenia serwera, a także zrobienie wszystkiego, co możliwe, aby wydać pełną wersję płynnie i bezproblemowo.",
  "info_downloaded": "pobrano pomyślnie!",
  "info_downloading": "Pobieranie",
  "info_d2_log_switched": "Aktualnie używany plik dziennika D2, przełączam się z powrotem do dziennika Launchera.",
  "info_found_process": "Znaleziono GTA5.exe, identyfikator procesu:",
  "info_init_completed": "Inicjalizacja zakończona! ;)",
  "info_init_launcher": "Inicjowanie programu uruchamiającego W1TCH",
  "info_injected": "DIS2RBED zostało pomyślnie załadowane",
  "info_injecting": "wstrzykiwanie",
  "info_login_attempt": "Próba logowania...",
  "info_login_success": "Pomyślnie się zalogowałeś",
  "info_memory_allocating": "Pamięć przydzielona...",
  "info_new_version": "Dostępna jest nowa wersja programu uruchamiającego! Odwiedź www.w1tch.net i pobierz aktualizację!",
  "info_process_write": "Zapisywanie DIS2RBED w procesie...",
  "info_thread_create": "Tworzenie wątku...",
  "info_unpacked": "zostało pomyślnie wypakowane",
  "info_unpacking": "Wypakowywanie",
  "info_working_dirs_created": "Utworzono katalogi robocze.",
  "info_language_change_caption": "Informacje o zmianie ustawień regionalnych",
  "info_language_change_message": "Niektóre zmiany zaczną obowiązywać dopiero po ponownym uruchomieniu Launchera",
  "info_addons_parsing_start": "Parsowanie kolekcji dodatków...",
  "info_addons_parsing_end": "Menedżer dodatków pomyślnie zakończył analizowanie.",
  "info_addons_themes_successful": "motywów zostało przeanalizowanych i gotowych do zainstalowania",
  "info_addons_themes_error": "Wystąpił błąd podczas analizowania kolekcji motywów",
  "info_addons_lua_scripts_successful": "skryptów Lua zostało przeanalizowanych i gotowych do zainstalowania",
  "info_addons_lua_scripts_error": "Wystąpił błąd podczas analizowania kolekcji skryptów lua.",
  "info_addons_translations_successful": "tłumaczeń zostało przeanalizowanych i gotowych do zainstalowania",
  "info_addons_translations_error": "Wystąpił błąd podczas analizowania kolekcji tłumaczeń.",
  "news_received": "Ogłoszenia zostały pomyślnie odebrane z serwera.",
  "news_server_error_caption": "Błąd serwera",
  "news_server_error_message": "Nie można załadować ogłoszeń z powodu błędu połączenia.",
  "warning_locales_file_missing": "Nie znaleziono plików ustawień regionalnych",
  "warning_dir_cn": "在 W1TCH Launcher 路径中找到的字符与标准 统一码 编码不同。 请确保 W1TCH Launcher 目录中没有西里尔字母和变音字符。",
  "warning_dir_en": "Znaki znalezione w ścieżce programu uruchamiającego W1TCH różnią się od standardowego kodowania Unicode. Upewnij się, że w katalogu W1TCH Launcher nie ma żadnych znaków cyrylicy ani diakrytycznych.",
  "warning_dir_ru": "Путь к исполняемому файлу W1TCH Launcher не должен содержать в себе символы кириллицы, иероглифов и других, не относящиеся к юникоду.",
  "warning_error": "Błąd!"
}