{
  "dg_column_name": "Nombre",
  "dg_column_version": "Versión",
  "dg_column_author": "Autor",
  "dg_column_url": "URL",
  "dg_column_download": "Descargar",
  "tooltip_news": "Novedades",
  "tooltip_logs": "Registros",
  "tooltip_locales_editor": "Editor de configuraciones regionales",
  "tooltip_addons": "Complementos",
  "tooltip_addons_themes": "Temas",
  "tooltip_addons_lua": "Scripts Lua",
  "tooltip_addons_translations": "Traducciones",
  "tooltip_settings": "Configuración",
  "tooltip_url": "Visita www.w1tch.net",
  "tooltip_logs_switch": "Alternar entre datos de registros de WLauncher/DIS2RBED",
  "tooltip_logs_clipboard": "Copiar al portapapeles",
  "bt_login": "Iniciar sesión",
  "bt_apply_branch": "Aplicar Branch",
  "bt_apply_language": "Aplicar idioma",
  "bt_reset_d2_settings": "Restablecer configuración de D2",
  "bt_exit": "Salir",
  "bt_inject": "Inyectar",
  "bt_download": "Descargar",
  "bt_work_dir": "Directorio del menú",
  "bt_load": "Cargar",
  "bt_merge": "Combinar",
  "bt_export": "Exportar",
  "cb_autologin": "Autologin",
  "lb_status": "Estado:",
  "lb_account": "Cuenta:",
  "lb_update": "Actualización:",
  "lb_version": "Versión:",
  "lb_game": "Juego:",
  "lb_injected": "Inyectado:",
  "lb_branch": "Version de Branch:",
  "lb_language": "Idioma:",
  "lb_authorized_true": "Autorizado",
  "lb_authorized_false": "No autorizado",
  "lb_game_running_true": "Ejecutandose",
  "lb_game_running_false": "No ejecutado",
  "lb_injected_true": "Inyectado",
  "lb_injected_false": "No inyectado",
  "lb_update_available_true": "Disponible",
  "lb_update_available_false": "No disponible",
  "lb_account_group": "Ningúna",
  "lb_version_unknown": "Desconocida",
  "lb_update_check": "Verificar actualización",
  "lb_update_download": "Descargar",
  "file_dll": "dll",
  "file_font": "fuente de dis2rbed",
  "file_locale_d2": "traducción de dis2rbed",
  "file_locale_wl": "traducción del launcher",
  "file_lua_script": "script lua",
  "file_theme": "tema de dis2rbed",
  "file_resource": "recurso de dis2rbed",
  "file_alt_font": "fuente",
  "file_alt_locale_d2": "traducción",
  "file_alt_locale_wl": "traducción",
  "file_alt_lua_script": "lua",
  "file_alt_theme": "tema",
  "file_alt_resource": "recurso de dis2rbed",
  "error_auth_denied": "Autorización denegada: nombre de usuario/contraseña incorrectos?",
  "error_auth_denied_ban": "Autorización denegada: BAN",
  "error_branch_manifest": "No se puede obtener el manifiesto de la línea de desarrollo.",
  "error_connection": "No se pudo establecer una conexión con el servidor W1TCH. ¡Asegúrate de tener una conexión estable y tener agregado W1TCH Launcher a las exclusiones del antivirus!",
  "error_core_cfg_clearing": "¡Ocurrió un error durante la limpieza de core/cfg!",
  "error_creating_dirs": "¡Error al crear los directorios de trabajo!",
  "error_d2_core_files": "No se pudo encontrar el archivo base de DIS2RBED.",
  "error_d2_log_locked": "El archivo de registros de D2 está bloqueado en este momento.",
  "error_d2_log_missing": "El archivo de registros de D2 no existe aún.",
  "error_dir_d2_access": "No se puede acceder al directorio de trabajo de DIS2RBED, no se tienen los permisos o este directorio es de solo lectura.",
  "error_dir_launcher_access": "No se puede acceder al directorio de trabajo de W1TCH Launcher, no se tienen los permisos o este directorio es de solo lectura.",
  "error_downloader_init": "No se pudo inicializar el descargador.",
  "error_fonts_clearing": "¡Ocurrió un error durante la limpieza de fuentes!",
  "error_login_attempt": "¡Ocurrió un error durante la autorización! Quizás el servidor está en mantenimiento.",
  "error_memory_allocating": "No se pudo asignar memoria en el proceso GTA5.",
  "error_open_process": "No se pudo abrir el proceso GTA5 con los permisos necesarios para inyectar.",
  "error_process_write": "No se pudo agregar DIS2BED en el proceso GTA5.",
  "error_remote_file": "¡No se puede acceder al archivo remoto!",
  "error_resource_models": "¡El archivo de recursos [Models.json] está disponible!",
  "error_resource_teleports": "¡El archivo de recursos [Teleports.json] está disponible!",
  "error_resource_vehicles": "¡El archivo de recursos [Vehicles.json] está disponible!",
  "error_server_data": "Error al obtener datos del servidor.",
  "error_start_in_d2_dir": "¡No puedes iniciar w1tch launcher desde el directorio de trabajo de DIS2RBED!",
  "error_thread_create": "Error al crear un hilo.",
  "error_update_init": "¡Algo salió mal durante la inicialización de la actualización!",
  "info_locales_wl_check": "Comprobando si hay traducciones adicionales del Launcher...",
  "info_locales_wl_installed": "Se instalaron paquetes de idiomas adicionales, puedes aplicarlos en el menú de configuración.",
  "info_locales_wl_not_installed": "No se encontraron paquetes de idiomas adicionales o ya los tienes instalados.",
  "info_branch_new_version_end": "¡Una nueva versión está disponible!",
  "info_branch_new_version_start": "Nuevo DIS2RBED",
  "info_branch_release": "[Release Branch]",
  "info_branch_testing": "[Testing Branch]",
  "info_dir_d2_access": "Los permisos del directorio de trabajo de DIS2RBED están bien.",
  "info_dir_launcher_access": "Los permisos del directorio del launcher están bien.",
  "info_dir_ok": "El directorio del Launcher está bien.",
  "info_disclaimer": "Obtuviste acceso a la versión preliminar de DIS2RBED, compilada y lanzada solo con fines informativos y de prueba. D2 Preview NO ES la versión final del menú y con una probabilidad muy alta la versión de lanzamiento completa SERÁ muy diferente a esta. Por el momento, tienes acceso a un conjunto limitado de características, porque el propósito de la versión de vista previa es principalmente probar la carga del servidor, además de intentar hacer todo lo posible para lanzar la versión completa sin problemas.",
  "info_downloaded": "¡descargado exitosamente!",
  "info_downloading": "Descargando",
  "info_d2_log_switched": "Archivo de registros de D2 en uso, cambiando a los registros de Launcher.",
  "info_found_process": "GTA5.exe encontrado, ID del proceso:",
  "info_init_completed": "¡Inicialización completada! ;)",
  "info_init_launcher": "Inicializando W1TCH Launcher",
  "info_injected": "DIS2RBED ha sido inyectado correctamente.",
  "info_injecting": "inyectando",
  "info_login_attempt": "Intentando iniciar sesión...",
  "info_login_success": "¡Has iniciado sesión correctamente!",
  "info_memory_allocating": "Asignando memoria...",
  "info_new_version": "¡Una nueva versión del launcher está disponible! ¡Visita www.w1tch.net y descarga la actualización!",
  "info_process_write": "Agregando DIS2RBED al proceso...",
  "info_thread_create": "Creando hilo...",
  "info_unpacked": "ha sido desempaquetado con éxito!",
  "info_unpacking": "desempaquetando",
  "info_working_dirs_created": "Los directorios de trabajo han sido creados.",
  "info_language_change_caption": "Información de cambio de configuración regional",
  "info_language_change_message": "Algunos cambios se verán reflejados sólo después de reiniciar el launcher.",
  "info_addons_parsing_start": "Analizando colecciones de complementos...",
  "info_addons_parsing_end": "El administrador de complementos completó con éxito el análisis.",
  "info_addons_themes_successful": "temas fueron analizados y están listos para instalar",
  "info_addons_themes_error": "Se produjo un error al analizar la colección de temas.",
  "info_addons_lua_scripts_successful": "scripts lua fueron analizados y están listos para instalar",
  "info_addons_lua_scripts_error": "Se produjo un error al analizar la colección de scripts lua.",
  "info_addons_translations_successful": "traducciones fueron analizadas y están listas para instalar",
  "info_addons_translations_error": "Se produjo un error al analizar la colección de traducciones.",
  "news_received": "Se recibieron novedades del servidor con éxito.",
  "news_server_error_caption": "¡Error del servidor!",
  "news_server_error_message": "No se pueden cargar las novedades debido a un error de conexión.",
  "warning_locales_file_missing": "¡No se encontró el archivo de configuraciones regionales!",
  "warning_dir_cn": "在 W1TCH Launcher 路径中找到的字符与标准 统一码 编码不同。 请确保 W1TCH Launcher 目录中没有西里尔字母和变音字符。",
  "warning_dir_en": "Los caracteres que se encuentran en la ruta del W1TCH Launcher difieren de la codificación Unicode estándar. Asegúrate de que no haya caracteres cirílicos ni diacríticos en el directorio de W1TCH Launcher.",
  "warning_dir_ru": "Путь к исполняемому файлу W1TCH Launcher не должен содержать в себе символы кириллицы, иероглифов и других, не относящиеся к юникоду.",
  "warning_error": "¡Error!"
}