{
  "bt_login": "Login",
  "bt_apply_branch": "Selecteer Versie",
  "bt_apply_language": "Taal Toepassen",
  "bt_reset_d2_settings": "Reset D2 Instellingen",
  "bt_exit": "Sluit",
  "bt_inject": "Injecteer",
  "bt_download": "Download",
  "bt_work_dir": "Open Werkmap",
  "bt_load": "Laad",
  "bt_merge": "Invoegen",
  "bt_export": "Opslaan",
  "bt_download_locale": "Download Locale",
  "bt_download_theme": "Download Thema",
  "bt_download_font": "Download Font",
  "cb_autologin": "Autologin",
  "lb_status": "Status:",
  "lb_account": "Account:",
  "lb_update": "Update:",
  "lb_version": "Versie:",
  "lb_game": "Game:",
  "lb_injected": "Injectie:",
  "lb_branch": "Versie:",
  "lb_authorized_true": "Bevoegd",
  "lb_authorized_false": "Onbevoegd",
  "lb_game_running_true": "Actief",
  "lb_game_running_false": "Niet actief",
  "lb_injected_true": "Geïnjecteerd",
  "lb_injected_false": "Niet geïnjecteerd",
  "lb_update_available_true": "Beschikbaar",
  "lb_update_available_false": "Niet beschikbaar",
  "lb_account_group": "Geen",
  "lb_version_unknown": "Onbekend",
  "lb_update_check": "Controleer op updates",
  "lb_update_download": "Download",
  "error_auth_denied": "Autorisatie geweigerd",
  "error_auth_denied_ban": "Autorisatie geweigerd: BAN",
  "error_branch_manifest": "kan versiemanifest niet ophalen.",
  "error_connection": "Kan geen verbinding maken met de W1TCH-server. Zorg ervoor dat je een stabiele verbinding hebt en dat W1TCH Launcher is toegevoegd aan de antivirusuitsluitingen!",
  "error_core_cfg_clearing": "Er is een fout opgetreden tijdens het wissen van core/cfg!",
  "error_creating_dirs": "Fout bij het maken van werkmappen!",
  "error_d2_core_files": "Kon het DIS2RBED kernbestand niet vinden.",
  "error_d2_log_locked": "D2-logbestand is op dit moment vergrendeld.",
  "error_d2_log_missing": "D2-logbestand bestaat nog niet.",
  "error_dir_d2_access": "Geen toegang tot de DIS2RBED-werkmap, geen rechten, of deze map is alleen-lezen.",
  "error_dir_launcher_access": "Geen toegang tot de W1TCH Launcher-werkmap, geen rechten of deze map is alleen lezen.",
  "error_downloader_init": "Kan de downloader niet initialiseren.",
  "error_fonts_clearing": "Er is een fout opgetreden tijdens het wissen van lettertypen!",
  "error_login_attempt": "Er is een fout opgetreden tijdens de autorisatie! Misschien is de server in onderhoud.",
  "error_memory_allocating": "Kan geen geheugen toewijzen in GTA5 proces.",
  "error_open_process": "Kan GTA5 proces niet openen met de benodigde rechten om te injecteren.",
  "error_process_write": "Kan DIS2BED niet schrijven in GTA5-proces.",
  "error_remote_file": "Kan geen toegang krijgen tot het externe bestand!",
  "error_resource_models": "Bronbestand [Models.json] is beschikbaar!",
  "error_resource_teleports": "Bronbestand [Teleports.json] is beschikbaar!",
  "error_resource_vehicles": "Bronbestand [Vehicles.json] is beschikbaar!",
  "error_server_data": "Kan geen gegevens van de server ophalen.",
  "error_start_in_d2_dir": "U kunt w1tch launcher niet starten vanuit de DIS2RBED werkmap!",
  "error_thread_create": "Kan geen thread maken.",
  "error_update_init": "Er is iets misgegaan tijdens het initialiseren van de update!",
  "info_branch_new_version_end": "versie is beschikbaar!",
  "info_branch_new_version_start": "Nieuw DIS2RBED",
  "info_branch_release": "[Publieke Versie]",
  "info_branch_testing": "[Testers Versie]",
  "info_dir_d2_access": "DIS2RBED werkmaprechten zijn OK.",
  "info_dir_launcher_access": "De machtigingen voor de opstartmap zijn OK.",
  "info_dir_ok": "Launcher folder is OK.",
  "info_disclaimer": "Je hebt toegang tot de preview-versie van DIS2RBED, gecompileerd en vrijgegeven voor informatieve en testdoeleinden. D2 Preview IS NIET de definitieve versie van het menu en met een zeer hoge waarschijnlijkheid ZAL de volledige releaseversie heel anders zijn dan deze. Op dit moment heb je toegang tot een beperkt aantal functies, omdat het doel van de preview-versie voornamelijk is om de serverbelasting te testen en om al het mogelijke te doen om de volledige versie soepel en probleemloos uit te brengen.",
  "info_downloaded": "succesvol gedownload!",
  "info_downloading": "Downloaden",
  "info_d2_log_switched": "D2-logbestand dat momenteel in gebruik is, terugschakelen naar het logboek van Launcher.",
  "info_found_process": "GTA5.exe gevonden, proces-ID:",
  "info_init_completed": "Initialisatie voltooid! ;)",
  "info_init_launcher": "W1TCH Launcher initialiseren",
  "info_injected": "DIS2RBED is met succes geïnjecteerd.",
  "info_injecting": "injecteren",
  "info_login_attempt": "Probeert in te loggen...",
  "info_login_success": "Je bent succesvol ingelogd!",
  "info_memory_allocating": "Geheugen toegewezen...",
  "info_new_version": "Nieuwe Launcher versie is beschikbaar! Bezoek www.w1tch.net en download update!",
  "info_process_write": "DIS2RBED in proces schrijven...",
  "info_thread_create": "Creëert thread...",
  "info_unpacked": "is succesvol uitgepakt!",
  "info_unpacking": "Uitpakken",
  "info_working_dirs_created": "Werkmappen zijn gemaakt.",
  "info_language_change_caption": "Taalinstelling wijzigen",
  "info_language_change_message": "Sommige wijzigingen worden pas van kracht nadat de launcher opnieuw is opgestart.",
  "news_received": "Het nieuws is met succes van de server ontvangen.",
  "news_server_error_caption": "Serverfout!",
  "news_server_error_message": "Kan nieuws niet laden vanwege verbindingsfout.",
  "warning_locales_file_missing": "Locales-bestand niet gevonden!",
  "warning_dir_cn": "在 W1TCH Launcher 路径中找到的字符与标准 统一码 编码不同。 请确保 W1TCH Launcher 目录中没有西里尔字母和变音字符。",
  "warning_dir_en": "Tekens in het W1TCH Launcher-pad verschillen van de standaard unicode-codering. Zorg ervoor dat er geen cyrillische en diakritische tekens in de W1TCH Launcher-directory staan.",
  "warning_dir_ru": "Путь к исполняемому файлу W1TCH Launcher не должен содержать в себе символы кириллицы, иероглифов и других, не относящиеся к юникоду.",
  "warning_error": "Error!"
}