{
  "dg_column_name": "名称",
  "dg_column_version": "版本",
  "dg_column_author": "作者",
  "dg_column_url": "链接",
  "dg_column_download": "下载",
  "tooltip_news": "公告",
  "tooltip_logs": "日志",
  "tooltip_locales_editor": "区域编辑器",
  "tooltip_addons": "插件",
  "tooltip_addons_themes": "主题",
  "tooltip_addons_lua": "Lua 脚本",
  "tooltip_addons_translations": "语言",
  "tooltip_settings": "设置",
  "tooltip_url": "访问 www.w1tch.net",
  "tooltip_logs_switch": "在 WLauncher/DIS2RBED 日志数据之间切换",
  "tooltip_logs_clipboard": "复制到剪贴板",
  "bt_login": "登录",
  "bt_apply_branch": "应用版本",
  "bt_apply_language": "应用语言",
  "bt_reset_d2_settings": "重置 D2 设置",
  "bt_exit": "退出",
  "bt_inject": "注入",
  "bt_download": "下载",
  "bt_work_dir": "菜单目录",
  "bt_load": "载入",
  "bt_merge": "选择文件 ",
  "bt_export": "导出",
  "cb_autologin": "自动登录",
  "lb_status": "状态:",
  "lb_account": "帐户:",
  "lb_update": "更新:",
  "lb_version": "版本:",
  "lb_game": "游戏:",
  "lb_injected": "注入:",
  "lb_branch": "版本分支:",
  "lb_language": "语言:",
  "lb_authorized_true": "授权",
  "lb_authorized_false": "未经授权",
  "lb_game_running_true": "运行中",
  "lb_game_running_false": "未运行",
  "lb_injected_true": "注入",
  "lb_injected_false": "未注入",
  "lb_update_available_true": "新版本可用",
  "lb_update_available_false": "无需更新",
  "lb_account_group": "未知",
  "lb_version_unknown": "未知",
  "lb_update_check": "检查更新",
  "lb_update_download": "下载",
  "file_dll": "dll",
  "file_font": "dis2rbed 字体",
  "file_locale_d2": "dis2rbed 语言",
  "file_locale_wl": "启动器 语言",
  "file_lua_script": "lua 脚本",
  "file_theme": "dis2rbed 主题",
  "file_resource": "dis2rbed 资源",
  "file_alt_font": "字体",
  "file_alt_locale_d2": "语言",
  "file_alt_locale_wl": "语言",
  "file_alt_lua_script": "lua脚本",
  "file_alt_theme": "主题",
  "file_alt_resource": "dis2rbed 资源",
  "error_auth_denied": "授权被拒绝：用户名/密码错误?",
  "error_auth_denied_ban": "授权被拒绝：禁止",
  "error_branch_manifest": "无法获取分支清单.",
  "error_connection": "无法建立与 W1TCH 服务器的连接。确保您具有稳定的连接，并且W1TCH启动器已添加到防病毒排除项中!",
  "error_core_cfg_clearing": "核心/CFG 创建期间发生错误!",
  "error_creating_dirs": "创建工作目录时出错!",
  "error_d2_core_files": "找不到 DIS2RBED 核心文件.",
  "error_d2_log_locked": "此时 D2 日志文件已锁定.",
  "error_d2_log_missing": "D2 日志文件尚不存在.",
  "error_dir_d2_access": "无法访问 DIS2RBED 工作目录、没有权限或此目录是只读的.",
  "error_dir_launcher_access": "无法访问 W1TCH 启动器工作目录，没有权限或此目录是只读的.",
  "error_downloader_init": "无法初始化下载程序.",
  "error_fonts_clearing": "字体整理期间出错!",
  "error_login_attempt": "授权时出错！也许服务器正在维护中.",
  "error_memory_allocating": "无法在 GTA5 进程中分配内存.",
  "error_migration_error": "将设置从应用程序数据迁移到程序数据时出错，很可能是由于权限问题。您可以手动将 DIS2RBED 目录从 %appdata% 目录复制到 %programdata%.",
  "error_migration_delete": "无法删除 %appdata% 目录中历史的 DIS2RBED 目录.",
  "error_open_process": "无法打开具有注入必要权限的 GTA5 进程.",
  "error_process_write": "无法将 DIS2BED 写入 GTA5 进程.",
  "error_remote_file": "无法访问远程文件！",
  "error_resource_models": "资源文件 [Models.json] 可用!",
  "error_resource_teleports": "资源文件 [Teleports.json] 可用！",
  "error_resource_vehicles": "资源文件 [Vehicles.json] 可用!",
  "error_server_data": "无法从服务器获取数据.",
  "error_start_in_d2_dir": "您无法从 DIS2RBED 工作目录启动 w1tch 启动器!",
  "error_thread_create": "无法创建线程.",
  "error_update_init": "更新初始化期间出错!",
  "info_locales_wl_check": "检查附加启动器翻译...",
  "info_locales_wl_installed": "已安装其他语言包，您可以在设置菜单中使用它们.",
  "info_locales_wl_not_installed": "找不到其他语言包，或者已安装这些语言包.",
  "info_branch_new_version_end": "版本可用!",
  "info_branch_new_version_start": "新的DIS2RBED",
  "info_branch_release": "[释放分支]",
  "info_branch_testing": "[测试分支]",
  "inr_d2_access": "DIS2RBED 工作目录权限正常.",
  "infoess": "启动器目录权限正常.",
  "info_dir_ok": "启动器目录正常.",
  "info_disclaimer": "您可以访问 D2预览版本，编译和发布仅供参考和测试之用。D2 预览版不是菜单的最终版本，完整发布版本很可能与此版本有很大不同。目前，您功能，因为预览版的目的主要是测试服务器负载，并尝试尽一切可能顺利无故障地发布完整版.",
  "in_process": "找到 GTA5.exe，进程 ID:",
  "info_init_completed": "初始化完成! ;)",
  "info_init_launcher": "初始化 W1TCH 启动器",
  "info_injected": "DIS2RBED 已成功注入.",
  "info_injecting": "注入中",
  "info_login_attempt": "尝试登录中...",
  "info_login_success": "您已成功登录!",
  "info_memory_allocating": "已分配内存...",
  "info_migrating_caption": "迁移助手",
  "info_migrating_message": "工作目录根目录已从 AppData 更改为 ProgramData，我们检测到您尚未将 D2 设置和文件传输到新目录，您是否希望这位出色的助手将所有编程工作目录移动到ProgramData?",
  "info_new_version": "新的启动器版本可用！访问 www.w1tch.net 并下载更新!",
  "info_process_write": "将 DIS2RBED 写入进程...",
  "info_thread_create": "创建线程...",
  "info_unpacked": "已成功解包!",
  "info_unpacking": "打开",
  "info_working_dirs_created": "已创建工作目录.",
  "info_language_change_caption": "区域设置更改信息",
  "info_language_change_message": "某些更改只有在重新启动启动器后才会生效.",
  "info_addons_parsing_start": "解析插件文件...",
  "info_addons_parsing_end": "插件管理器成功完成解析.",
  "info_addons_themes_successful": "主题已解析并准备安装",
  "info_addons_themes_error": "分析主题文件时出错.",
  "info_addons_lua_scripts_successful": "Lua 脚本已解析并准备安装",
  "info_addons_lua_scripts_error": "解析 lua 脚本文件时出错.",
  "info_addons_translations_successful": "翻译文件已解析并准备安装",
  "info_addons_translations_error": "解析翻译文件时出错.",
  "info_addons_fonts_successful": "字体已解析并准备安装",
  "info_addons_fonts_error": "分析字体集合时出错.",
  "news_received": "已成功从服务器接收.",
  "news_server_error_caption": "服务器错误!",
  "news_server_error_message": "由于连接错误，无法加载.",
  "warning_locales_file_missing": "找不到区域设置文件!",
  "warning_dir_cn": "在 W1TCH Launcher 路径中找到的字符与标准 统一码 编码不同。 请确保 W1TCH Launcher 目录中没有西里尔字母和变音字符。",
  "warning_dir_en": "Characters found in the W1TCH Launcher path differ from the standard unicode encoding. Please make sure that there are no cyrillic and diacritical characters in the W1TCH Launcher directory.",
  "warning_dir_ru": "Путь к исполняемому файлу W1TCH Launcher не должен содержать в себе символы кириллицы, иероглифов и других, не относящиеся к юникоду.",
  "warning_error": "错误!"
}